frame,bbox,upscale_text,upscale_morph_text
0,"1007,831,1189,931",99 0?1 ১-082,04!1)| :১-৮08> 9)?
1,"1003,833,1185,930",৬৬) ঁ9| ১১-৮৩৪৯,৬৬) ঁ৬| ১১-৮৩৪৯
2,"1003,833,1184,929",চট্ট মেঢ্রো ১১-৮৩৪৯,চট্ট মেট্রেো ১১-৮৩৪৯
3,"1000,834,1181,929",৮৬ মডেো ১১-৮৩৪৯,চ} মে ' ১১-৮৩৪৯
4,"999,834,1180,929",চট্ট মেট্রো ১১-৮৩৪৯,চট্ট মেট্রো ১১-৮৩৪৯
5,"997,834,1178,929",চট্ট মেট্রো ১১-৮৩৪৯,চট্ট মেট্রো ১১-৮৩৪৯
6,"997,834,1176,929",৬৬ স৬| ১১-৮৩৪৯,৬৬; স৬| ১১-৮৩৪৯
7,"996,835,1175,930",৮৬ মে৬] ১১-৮৩৪৯,৩  স৫ ১১-৮৩৪;
8,"993,836,1178,932",কঢ স৪র' ১১-৮৩১:,হঢ মে৪র ১৯-৮ ৩১
9,"990,836,1178,932",চট --চ ১১-৮38;,চট্ --চর ১১-: '8.
10,"989,836,1178,933",১- ;>,১১-. :{.
11,"987,835,1176,932","7`)7,',",">,-7`),,"
12,"988,835,1172,932",চঢ নডো ১১-৮'৪৯,চঢ হডো ১১-৮'৪৯
13,"986,836,1169,932",চট্ েড্েো ১১-৮৩৪৯,৮ট মেডেৌ ১১-৮৩৪৯
14,"985,837,1166,933",চট্ট মেট্রা ১১-৮৩৪৯,চট্ট মেট্রেো ১১-৮৩৪৯
15,"981,837,1164,934","7` "",)]1 :)-)-1,')8",")1, ;,)1, :)-)-1`)""|"
16,"977,838,1162,935",1৬ ''৬1 ১১-৮8@,১৬ ''৬1 ১১-৮'8৯
17,"973,837,1161,936","7`)?,^,","55 771 >-7`)?,,"
18,"966,835,1160,938",,
19,"960,836,1160,940",,
20,"958,837,1155,942",,
21,"952,840,1147,941",,
22,"948,841,1139,945",,
23,"941,843,1131,947",,'!
24,"936,846,1119,946",91 0141 ১3-0982,91} 0!71 ১১১-৮৩83
25,"927,850,1111,949",চট্ট মেট্রেো ১১-৮৩৪৯,চট্ট মেট্রেো ১১-৮৩৪৯
26,"918,854,1105,952",চট নেডো- ১১-৮ ৪৯,চট মেডরো-? ১১-৮ ৪৯
27,"909,856,1098,955",চ5 মো ১১-য  ৪১,চচ ঢ্ো ১১- '৪.
28,"900,860,1090,958",চ5 ঢেডো' ১১-'8১,5 ) '39]14 ১১-8১
29,"890,862,1086,963",,
30,"884,864,1080,968",,
31,"876,867,1069,971",,
32,"869,869,1060,973",১১-: ৩১`,১১-: ৩>`
33,"861,871,1055,973",চ মেতা ১১:: :৪ ১, <ো ১১:: :৪ :
34,"854,873,1047,976",ম ম ১১-. ৪:.,চ= -চে ১১-. ৪:.
35,"848,875,1037,976",চট্ট মেট্রো ১১-৮৩৪৯,চট্ট মেট্রো ১১-৮৩৪৯
36,"842,878,1030,979",২; ম!] ১১১-৮৩১;,২০; মেহে ১১-৮৩১
37,"836,881,1022,980",চট্ট মেট্রো ১১-৮৩৪৯,চট্ট মেট্রো ১১-৮৩৪৯
38,"828,881,1013,981",চট্ট মেট্রো ১১-৮৩৪৯,চট্ট মেট্রো ১১-৮৩৪৯
39,"821,884,1008,983",চট্ট মেট্রো ১১-৮৩৪৯,চট্ট মেট্রো ১১-৮৩৪৯
40,"814,883,1001,983",৮ট মেট্রেো ১১-৮৩৪৯,৮টট মেট্েো ১১-৮৩৪৯
41,"807,884,992,984",৮৬ মে৬েো ১১-৮৩৪৯,৮৬ মেতরে] ১১-৮৩৪৯
42,"798,883,985,985","৮৬"" @4য1] ১৯=}৩:৮",হয সেো ১৯ ৮ ৩:৮;
43,"792,883,977,983",৮ট্ট মেট্রো ১১-৮৩৪৯,৮ট্ট মেট্রো ১১-৮৩৪৯
44,"781,885,972,987","১৫ ২েট্ো ১-:৩$,","১৫ নেট্"" ১১-:৩$,"
45,"776,887,964,986",চট্ট মেট্রো গ ১১-৮৩৪৯,চট্ট মেট্রো ১১-৮৩৪৯
46,"770,885,956,984",চট্ট মেট্রো ১১-৮৩৪৯,৮ট্ট মেট্রো ১১-৮৩৪৯
47,"762,886,947,988",4411 141 09)142,441[]| % 0)1!;
48,"754,887,940,987","04461|| ""| 0)3} 9)""",91 7 ]| % 0)3}
49,"747,886,935,987",৮৬ মেট্েো ১১-৮৩৪৯,৮৬ মেট্রে] ১১১-৮৩৪১
50,"740,886,929,987",চট্ট মেঢ্রো ১১-৮৩৪১,চট্ট মেট্রো ১১-৮৩৪১
51,"734,886,923,987",১৬ নে-ট্রা ১১-৮ ৩8;,১ট নে-ট্রা ১১- ৩১;
52,"726,885,919,989",,
53,"720,886,913,989",,
54,"716,886,903,988","১১_১={05,`",^4:1 ১১৮৬(:৮;.;
55,"708,884,900,987",,
56,"702,883,897,983",,
57,"698,882,889,981",,
58,"692,882,882,982",,
59,"686,882,872,981",চট নে ১১-৮ ১8:,চটূ মেে ১১-৮ 8:
60,"678,878,869,980",,; :8
61,"672,878,865,980",983,882
62,"664,876,862,978",,
63,"659,878,852,979",,
64,"651,876,846,981",,
65,"644,876,835,980",,"%,"
66,"638,878,825,977",".71 ১>-7`)8`,","৬ 9 -7`)8',"
67,"630,876,820,978",,
68,"622,876,812,979",,
69,"615,878,804,978",753 7 `%:),"52 753 -7 `%:,"
70,"607,878,797,979",,
71,"596,876,789,979",,
72,"587,877,781,982",,
73,"575,878,776,982",,
74,"566,878,764,985",,
75,"557,878,752,987",,
76,"548,882,738,989",,
77,"537,885,727,987",৯1 মেধে ১১-৮৩৪১,^৬ মেধ!]] ১১-৮ ৩৪;
78,"524,885,725,987",,
79,"513,887,721,989",,
80,"504,887,709,992",,
81,"496,890,692,996",,
82,"485,891,678,997","91) ',2""01 237!",")0) ',2""01 ')237'"
83,"475,890,669,998",")/{) '|42,{)1","9{) ',4/1)1 ^ )2304"
84,"462,891,659,999",,
85,"450,893,652,1001",,
86,"443,896,637,1001",99 ৫09[ >>-1`)72,90 ৫09[ ১>-1/)3>
87,"434,897,623,1000","গ01[[ ""[ ১১-৮৩৪৯ ৬৬4","07[,111 ১১-৮৩৪৯ ৬"
88,"420,895,611,1001","641011| 01{, 014","641111|= 0!{, 711"
89,"407,896,599,999",01] ১১-৮৩8৯ স[0!|1 ;[,"১১-৮৩8 ৬1 21,141 4"
90,"390,894,585,1001",ো,;3
91,"375,895,574,1000",3,2<
92,"366,895,559,999",চট্ট মেট্রো ১১-৮৩৪৯,চট্ট মেট্রো ১১-৮৩৪৯
93,"352,892,549,1000",২ ৫০};1 ১১-৮৩১১,২ ৫০;1 ১১-৮৩১১
94,"343,894,539,997",চ5 মে্দ্রা- ১১-৮  ৪৯,চউ মেদ্্রো-গ ১১-৮১৪৯
95,"338,894,530,999",0 (ম৫] ১১-৮ ৩৯,গট (ধ] ১১-৮ ৩৯
96,"328,895,524,1003",,
97,"325,897,517,1002",0(1|1- 4))=|0)8@ 911,(301|| ;3-10)8> 911
98,"323,898,514,1001",৮৬ মেট্রো ১১-৮৩৪৯,৬৬ মেড্েো ১১-৮৩৪৯
99,"321,899,510,1001",চট্ট মেট্টেো ১১-৮৩৪৯,চট্ট মেট্রো ১১-৮৩৪৯
100,"312,898,507,1005",,
101,"304,898,504,1006",,
102,"292,899,495,1011",,
103,"283,902,482,1009",,
104,"276,902,471,1007",,
105,"264,901,461,1008",,
106,"253,900,455,1009",,
107,"243,898,447,1009",,
108,"232,896,439,1008",,
109,"222,895,427,1007",,
110,"211,896,410,1007",,
111,"200,896,399,1006",,
112,"190,893,393,997",,
113,"177,891,385,995",, >
114,"164,891,375,993",,
115,"152,891,364,995",,
116,"141,890,349,998",,
117,"127,889,334,1004",,
118,"112,889,321,1002",,
119,"106,891,313,996",,
120,"93,888,306,997",,
121,"84,891,290,999",,
122,"71,894,272,1003",9)_4_]'- ১&-1`8>,9)74|' ১১-``8>
123,"61,896,258,1005",4017 *41 014;!,@017 141 034;!
124,"47,893,247,1007",,
125,"37,897,236,1006",'4!|! ')947)4 441/|,91||4[|! '9)2444
126,"27,898,229,1007",,
127,"16,899,218,1007",,
128,"9,899,205,1005",মেড্রো ১১-৮ ৪৯ চড়,মেদ্রো: ১১-৮ ৪৯ ৮ণ
129,"0,898,198,1005",চট্ মের ১১- 8:,চট্ট মেদর ১১-য  ৪:
130,"0,900,185,1003",চট্ট মেট্রো-গ ১১-৮৩৪৯,চট্ট মেট্রো গ ১১-৮৩৪৯
131,"0,894,180,999",,
133,"0,890,171,997",,
134,"0,887,166,1007",,
135,"0,889,164,999",,
136,"0,888,166,998",,
137,"0,886,172,997",,
138,"0,887,176,995",,
139,"0,888,177,992",,৬ '2 }1
140,"0,886,180,988",,
141,"0,885,178,985",চট্ট মেড্রা ১১-৮৩৪৯,চট্ট মেদ্রা ১১-৮৩৪৯
142,"0,882,183,984",,
143,"0,882,178,985",,
144,"0,881,168,988",,
144,"1885,854,1919,979",,
145,"0,876,160,985",,
145,"1875,854,1919,975",,
146,"0,881,153,986",,
146,"1867,854,1920,972",,
147,"0,883,146,985",,
147,"1861,855,1920,972",,
148,"0,883,140,982",,
148,"1854,855,1920,974",,
149,"1847,855,1919,974",,
149,"0,881,132,980",,
150,"1838,855,1919,968",,
150,"0,880,120,980",':8,"_""8"
151,"1831,853,1920,966",,
151,"0,880,114,980",,
152,"1826,852,1920,963",,
152,"0,876,107,980",,
153,"1816,849,1920,962",,
154,"1809,849,1920,962",,
155,"1803,848,1920,962",,
156,"1795,849,1920,963",১3:`,১3::
156,"0,877,69,982",,
157,"1788,849,1920,964",383,[১:<
157,"0,874,59,982",,
158,"1782,848,1919,964",,
158,"0,878,46,981",,
159,"1771,848,1918,967",,
159,"0,873,41,987",,
160,"0,871,32,984",,
161,"0,869,28,986",,
161,"1754,849,1917,962",,
162,"1746,850,1917,962",,
163,"1736,850,1918,964",,
164,"1727,852,1919,970",,
165,"1717,852,1919,972",,
166,"1706,854,1919,973",,
167,"1695,856,1913,974",,
168,"1687,858,1907,974",,
169,"1679,859,1899,974",,
170,"1670,859,1890,977",,
171,"1662,860,1882,981",,
172,"1650,859,1870,980",২য .হ 43833083,২য .&0 833064
173,"1639,858,1855,977",চট্ --্ট্রয ১৪ং২৩০১,চ্ট হে-্ট্রো ১৪ ২৩০১
174,"1631,856,1843,975",চট্ট মে-ট্রো ১৪ ২৩৫১,চট্ট মেট্রো ১৪ং২৩৫১
175,"1621,857,1831,974",চট্ট হেেট্রাগ ১৪ ২৩৫১,চট্ট হেট্রোগ ১৪ ২৩৫১
176,"1608,856,1821,974",চট্টর কেেট্রা ১৪ ২৩৫১,চট্র কেেট্রো ১৪ ২৩৫১
177,"1596,855,1809,973",ঢট মেদ্রা ১৪-২৩৫১,চ্ট্র মেপ্ট্রাো: ১৪ং২৩৫১
178,"1585,853,1797,971",স!ো9 ১৪ ২৩০ ১ ৮9,ম!ে! প ১৪-২৩০১ ৮৬
179,"1574,851,1782,970",চদ সেডে]  ১৪২৩৫ ১,চ}] মেট] শ ১৪২২৩৫১
180,"1557,849,1769,970",১৬ যেদো ১8৪২৩8,১৬ যেংদ) ১৪৪২৩০ 
181,"1547,850,1755,967",চট্ট মেট্রো গ ১৪ং২৩৫১,চট্ট মেট্রো গ ১৪ং২৩৫১
182,"1535,850,1748,971",২য {ে ১88336>,.মৈেয ১8৪২৩6১
183,"1525,849,1736,971",,
184,"1512,849,1725,973",(২< *],
185,"1501,849,1709,972",,
186,"1490,851,1698,969",১৩ 0760]1 91 388~! ৩৫,"১ঔ 0770]1 ""1 388~ ৩৫১"
187,"1479,851,1685,967",চট্ট মেট্রোগ ১৪-২৩৫১,চট্ট মেট্রো গ ১৪-২৩৫১
188,"1467,849,1675,964",চ) দ1 441 ১৪:১০,5991-4 ১৪:১৩০১
189,"1456,846,1666,965",,
190,"1447,847,1657,964",,
191,"1440,849,1648,966",মট মে ১৪:২০০১,মেেন ১৪ ২০০১
192,"1431,849,1636,963",চট্ট মেমেচরো-প ১৪-২৩০১,চ্ট্ট .7ষর] % ১৪-২৩০১
193,"1425,848,1625,961",চট্ট মেট্রো-গ ১৪-২৩৫১,চট্ট মেট্রো-গ ১৪-২৩৫১
194,"1413,848,1619,962",চট্ট নে-্ট্রা প ১৪-২৩৫১,চট্ট নেন্ট্রা^ ১৪-২৩৫১
195,"1404,847,1612,964",চট মচ ১০ ২ ৫,চ্ষ ম ১০ং১৪`
196,"1396,847,1606,963","53 -মষ |8 6"">581",চঃ :র 2$8>8
197,"1389,846,1597,962",স;  323$383#4,53ম [338>633
198,"1381,845,1587,960",চট $ 3*26,"চট  $3""6'"
199,"1372,844,1577,958",চট 'ষড >8:>94>,চট চট >8ং>94>
200,"1363,843,1571,958",ম 8;>4_,স 8:>84>
201,"1356,843,1564,959","83 3"" *",  3338
202,"1348,842,1558,958",,
203,"1342,841,1549,956",,
204,"1334,841,1540,955",,
205,"1325,839,1535,956",,
206,"1316,841,1525,955",,
207,"1309,841,1516,956",,
208,"1299,841,1510,957",,
209,"1290,842,1500,956",,
210,"1281,843,1491,957",,
211,"1270,842,1480,961",,
212,"1261,844,1471,963",চে 25 83338>439284,;435 >33:>4924
213,"1250,845,1463,961",,
214,"1239,847,1454,962",,
215,"1230,849,1445,965",,
216,"1219,852,1435,967",,
217,"1212,856,1425,971",,
218,"1202,856,1413,973",8-3){,22722 ~8-38>|
219,"1193,858,1402,974",দ) 2প  ১৪-১৬৫১,স) যেম ১৪-১৩৫>
220,"1184,861,1395,977",4 >533493,4 ^5:3493
221,"1175,862,1387,979",,
222,"1163,864,1380,978",,
223,"1155,867,1370,984",,
224,"1145,866,1357,987",3}33880,[3}3$882
225,"1136,868,1345,986",চট্ট যেট্রো গ ১৪ ২৩৫১,চট্ট যেট্রো গ ১৪ ২৩৫১
226,"1128,869,1331,986",চট্ট মেট্রো গ ১৪-২৩৫১,চট্ট মেট্রো গ ১৪-২৩৫১
227,"1115,870,1321,987",চ্ট্ট মেট্রো গ ১৪-২৩৫১,চট্ট মেট্রী গ ১৪-২৩৫১
228,"1103,870,1313,988",চট মেচে ১৪ ২৩৫১ ,চটমেের ১৪ ২৩৫১
229,"1091,871,1304,988",স8_ ১8ং>6,:= ._ _8:>84
230,"1080,870,1292,989","84872_ >83>""","4 $0"">"""
231,"1066,870,1280,988",>্5-য8 8:>34,82 >8:>34
232,"1055,869,1266,990",",7-3 ১৪ং২০৫১",চটক-_ ১৪ ২০৫১
233,"1044,870,1250,986",চট্ট মে্ট্রো: ১৪-২৩৫১,চট্ট মেন্ট্রোগ ১৪-২৩৫১
234,"1031,869,1236,985",৫4্রো শ ১৪-২৩৫১ ৮৬,স৬] স ১৪৪৩৫১[ ৮৬
235,"1015,867,1222,985","(2!.11 ""1 ({882'@ 01","741 '9 [>44880^& ৬৬,"
236,"1001,866,1208,986","41}{!| /}414"")0","৬ 024) "") |:>143&0)4*"
237,"987,868,1195,986",চ্ড 'মণর} স ১৪ ২ ?১,কঁ534 ১৪ ২১?১ 5্5
238,"972,870,1185,990",ছয <রম ১২:333১,ময .য :3:33১
239,"958,870,1171,993",১৯৯৬,১৯৯৬:
240,"946,873,1157,993",১৯২01 88<৩0১,১ ২0া 8?>৩6১
241,"932,873,1144,991",4ছে ১৪:>;1,4_: ১8:3?1
242,"919,874,1135,990",,
243,"909,875,1123,991",,
244,"898,877,1112,995",,
245,"887,878,1098,993",,
246,"874,879,1087,995",,
247,"863,878,1075,995",533,"33"">"
248,"851,880,1067,995",,
249,"839,880,1059,994",,
250,"826,881,1044,993",,
251,"813,881,1029,994",,
252,"796,881,1012,996",,
253,"779,882,992,996",,
254,"757,881,973,997",,
255,"733,882,948,996",,
256,"704,883,926,997",,
257,"680,883,901,996",,
258,"656,883,877,997",,
259,"632,883,852,997",,
260,"609,883,829,999",,
261,"586,885,804,1000",,
262,"562,885,782,1000",,
263,"539,888,758,1003",,
264,"515,888,737,1004",,
265,"489,891,711,1009",,
266,"465,892,687,1011",,
267,"436,892,664,1010",,
268,"411,897,643,1016",,
269,"385,903,618,1020",,
270,"364,906,594,1025",,
271,"341,908,571,1030",,
272,"322,911,549,1031",[>343,"[8:8"")"
273,"304,912,532,1034",,
274,"286,914,517,1038",,
275,"269,918,500,1039",,
276,"252,921,484,1041",,
277,"233,921,462,1044",চট চব ১8ং>90>,চট {ব ১8ং>9৫>
278,"216,924,443,1043",চট্ট মেট্রো গ ১৪ং২৩৫১,চট্ট মেট্রোগ ১৪ং২৩৫১
279,"196,923,424,1043",চট্ট মেট্রোগ ১৪ং২৩৫১,চট্ট মেট্রো-গ ১৪ং২৩৫১
280,"177,923,405,1043",চট্ট মেট্রোগ ১৪ং২৩৫১,চট্ মেট্রোগ ১৪৪২৩৫১
281,"162,921,391,1043",চট্ট মেট্রোগ ১৪-২৩৫১,চট্ট মেট্রোগ ১৪-২৩৫১
282,"144,921,379,1043","""{ >8:34193>",মে >8:3493>
283,"129,921,363,1042",,
284,"112,920,348,1043",44 3,23
285,"96,921,330,1044",৮1ধষ৫ো ১৪ ২৩০১,৮৬6৫৬] ১৪ ২৩০১
286,"80,922,311,1045",711 &4&![| &8৩03,[৬ (4৬ঁ]] &8৩0১
287,"64,922,297,1048",,
288,"47,924,279,1051",,
289,"29,924,262,1049",৬11 1!11| ১৪ ১৩০১,ফ1117!11) [১8৪৩9$
290,"15,926,251,1049",চরট় মেনা 03833!3288,চট্ট মে 0>833!3388
291,"1,926,240,1048",,
292,"0,926,228,1047",,
293,"0,929,215,1048",,
294,"0,928,202,1047",,
295,"0,931,190,1047",,
296,"0,929,178,1048",,
297,"0,928,165,1048",,
298,"0,929,153,1046",,
299,"0,929,137,1048",,
300,"0,929,124,1049",,
301,"0,928,110,1047",,
302,"0,929,99,1048",,
303,"0,929,85,1047",,
304,"0,930,72,1045",,
312,"1710,946,1916,1060",,
313,"1693,946,1901,1060",,
314,"1676,943,1890,1059",,
315,"1670,943,1873,1058",.যদর 1933_8375,".72দ"" [8488370"
316,"1658,942,1866,1057",,
319,"1622,941,1831,1059",,
320,"1614,946,1817,1059",- হ ?,&
321,"1603,947,1804,1061",ঢট রোচা [813-92৬8,ঢট সেেমা [$3-99৬{
322,"1588,947,1795,1063",444491 4303,১৬ ; 4৫দ] 43
323,"1575,947,1783,1062",,
326,"1526,939,1744,1057",,
327,"1524,939,1724,1055",,
328,"1514,936,1713,1051", 48!1   72,91551 4 9317
329,"1502,934,1704,1050",,
330,"1492,930,1695,1044",ঘটু সতে 18334835,টু মডে [8334835
331,"1480,927,1680,1039",চটা পে0দ] ১২-৭3৬৭,চটা লপদ] ১২-৭৬৭
332,"1469,923,1670,1038",চট্ট লেপ্] ১৪-৭3৬9,ঢট্ট সেপ্ড] [3-৭3৬8
333,"1460,922,1660,1036",চট্ট সেেরেগা $3-৭3৬8,চট্ট {দদী [১3-৭3৬8
334,"1450,919,1649,1032",ঢট্ সেেপনা $3-৭3৬8,চট্ট 9েদেনা $3-৭3৬8
335,"1441,915,1640,1029",৩ট সোচদা $3-৭3৬9,চট্ট সেচ্দা ১২-৭3৬9
336,"1429,914,1631,1028",চটপনা $3-৭3৬9,চট পোদনা ১২-৭১৬৭
337,"1420,912,1622,1025",ঢটছা $3-8358,ঢটছ $২-8৯৬8
338,"1406,909,1613,1024",,
339,"1391,905,1604,1022",,
340,"1392,906,1594,1020",43),443193
341,"1387,904,1587,1018",0 78 341,১ 934[2
342,"1383,902,1578,1015",ঢট 9ছ) 7413_83৬9|,ঢট সেদ) 443_83৬9
343,"1378,902,1576,1013",ঢট মেেছেন 43~92)৬(,চট মেেচেন 43_8[3!৬3
344,"1374,900,1577,1014",,
345,"1375,899,1576,1012",,
346,"1379,898,1574,1011",,
347,"1379,895,1580,1006",ঢট সেেচটা 3_92৬9,ঢট সেেচটা] 3-82৬9
348,"1380,893,1581,1004",ঢট পেেছটা 3-83ড{,ঢট শেেচটা ১3-৭3৬9
349,"1380,890,1582,1002",ঢট পোেপটা 433832৬প,ঢট শেেপটা ১3-8ছ৬9
350,"1381,888,1583,1000",2ট পোেপা 8413_433ড{8,৩9 শেেচয় 513_83৬8
351,"1379,886,1581,998",29 9োসা 4443_3৬,৩9 9োচদা 423_93৬]
352,"1375,885,1576,997",440_941472,|50_9941
353,"1370,882,1571,994",123 0469),14 0ে8) ১
354,"1365,880,1565,990",50 09প1 [33482৬8,50 09প51 [33482৬8
355,"1359,877,1564,987",,
356,"1354,874,1561,985",,
357,"1353,873,1558,982",,
358,"1341,869,1556,980",,
359,"1342,867,1553,979",,
360,"1343,865,1548,976",চটষ [3434383458,চট [3434383358
361,"1340,864,1542,976",১দ <ঘ্ব্ড্ড' 424383208,১৬  ম্ক9্' 1343832৬8
362,"1337,861,1541,974",. ক} 18434833458,. কয &' [8434833458
363,"1334,860,1540,971",,
364,"1326,857,1539,969",,
365,"1327,855,1536,965",,
366,"1329,853,1533,963",,
367,"1325,852,1529,961",33,
368,"1321,849,1529,961",,3
369,"1319,846,1527,960",,
370,"1319,845,1523,958",চু্_ .স 433,চুত . ময 4423388
371,"1315,844,1524,956",,
372,"1310,843,1524,956",,
373,"1307,842,1518,954",,
374,"1310,843,1513,952",চট না 143483|58,চট্ট মট্রো গ |33~83|58
375,"1308,841,1509,950",চট স্েদা 43-9 3৬8,ঢট্ সেেটো 93-93৬প
376,"1306,839,1507,949",3ন{3 [3{3-8338,৮ট হটরো [33483&8
377,"1301,838,1509,950",,
378,"1299,836,1505,948",,
379,"1298,834,1504,945",দ75 ৭ ১,চট্  ৭ ১
380,"1295,831,1500,943",এ 9!1 43_প9৬9],৩ 9!া] 943_92৬9
381,"1292,828,1497,942",(8!! 934!4,(ষু!! 93৬4
382,"1290,826,1499,941",,
383,"1288,826,1498,941",,
384,"1290,829,1494,940",চুট্ সেরা [১৬93৬গ,চুট সেেদটা ১৯-93৬৭
385,"1287,828,1493,939",৩ট যেেপ] ১3_৭৬গ,৩ট সেপ] ১২-৭>৬গ
386,"1283,827,1492,939",চট যেলগা ১{3-৭৯৬৭,চট্ মেলেট] ১৯-৭১৬৭
387,"1283,827,1488,939",চট্ পেেচেট] ১৯-৭2৬ধ,চট্ মেচেট্র]: ১৯-৭২৬৭
388,"1281,826,1487,938",৩ট 999াগ ১৮-৭3৬৭,৩ট 9ণা গ ১৮-৭২৬৭
389,"1281,826,1487,938",ঘট পেেটী 433-83৬8,চট পেেটী ৯3-83৬9
390,"1279,824,1486,938",425{0051 {$3-3৬8,৮ট বেদরেো {$3={3৬8
391,"1278,824,1482,937",চট 9েরচদা: 33-92৬প,চুট্ পেচদা 53-93৬9
392,"1276,823,1481,936",৩ট্ 99্ো ডা ১3-93৬9,চট্ শেেণ্েদা ডা ১3-৭3৬9
393,"1275,823,1481,936",ঢট পেটা 53_83৬প,চট পেটা ১3-৭3৬৭
394,"1275,823,1482,938",দট 9কট 3334838,ঢট 9ট 3-83৬8
395,"1272,823,1480,938",দট্র লোরা [33-83৬8,চট্র শেরা ১8-৭৬8
396,"1270,823,1477,936",চূট্ট সেেদনা: 3-93৬ধ,চূট্ট সেেপগা: ১২-৭3৬৭
397,"1270,822,1475,935",ঢটব 923-83৬8,ঢট ব ১১২-৭3৬৭
398,"1268,822,1474,935",চ88701 1433433৬8,চউম8 3 13383৬8
399,"1264,821,1473,935",,
400,"1254,821,1473,936",,
401,"1246,819,1470,937",,
402,"1245,819,1466,933",,
403,"1241,818,1457,932",,
404,"1230,815,1451,930",,
405,"1223,813,1437,928",,
406,"1212,812,1428,927",,
407,"1201,811,1412,923",,
408,"1185,811,1397,921",,
409,"1165,807,1382,919",,
410,"1151,806,1364,918",,
411,"1135,805,1344,916",,
412,"1115,804,1323,916",,
413,"1091,802,1303,915",,
414,"1070,806,1278,917",,
415,"1046,806,1252,916",,
416,"1018,806,1228,916",,
417,"985,806,1194,913",,
420,"898,804,1102,914",,
431,"557,797,787,927",,
432,"522,795,761,928",,
433,"494,793,738,931",,
456,"1687,599,1910,747",,
457,"1665,603,1883,746",,
459,"1622,604,1833,742",,
460,"1600,604,1813,738",,
461,"1579,599,1792,734",,
462,"1562,597,1771,731",,
463,"1544,598,1753,729",,
464,"1529,595,1735,725",,
465,"1514,591,1715,722",,
466,"1498,592,1697,720",,
467,"1480,588,1680,717",,
468,"1465,586,1665,715",,
469,"1449,589,1647,715",,
470,"1433,583,1632,712",,
471,"1419,580,1615,709",,
472,"1403,585,1598,706",,
473,"1389,577,1584,704",,
474,"1375,576,1568,702",,
475,"1358,583,1549,700",,
476,"1345,574,1536,700",,
477,"1332,573,1518,698",,"চ 4""888"
478,"1317,572,1504,698",,
479,"1304,573,1494,695",,
480,"1293,572,1478,695",,
481,"1280,570,1464,693","""55 ১>388",চরচ : ১>388
482,"1268,569,1454,692",,
483,"1257,570,1444,691",,
484,"1246,566,1431,690",38,5;  ১8338
485,"1237,565,1419,688",^^>38,চট ?$^>'88
486,"1228,566,1411,688","48$,""388","চটত 4১^>,688"
487,"1220,563,1402,687",ম_-5 83:>38,":;ম5 8১*>""88"
488,"1215,563,1396,686",চযু- 4_:>334,চ;গ-5 4_:>384
489,"1211,562,1393,685",চ.শদ 5 ?>398,চ 3দ5 ?১'>398
490,"1206,560,1388,685","স6335 43:>৭3""","মযদর $ 4১"">৭93"
491,"1201,560,1383,683",সটর ম্্চ ৫১-২৭৩,স্ট মেত্র ্চ ৫১-২৭৩
492,"1197,558,1379,681",চট্ট মেট্রো-চ ৫১-২৭৩,চট্ট মেট্রো-চ ৫১-২৭৩
493,"1195,557,1374,681",চট্ট মেট্রো-চ ৫১-২৭৩,চট্ট মেট্রো-চ ৫১-২৭৩
494,"1191,558,1369,680",চট্ট নেট্রো-চ ৫১-২৭৩,চট্ট মেট্রো-চ ৫১-২৭৩
495,"1186,559,1365,679",চট্র মেট্রোচ ৫১-২৭৩,চট্ট মেট্রো:্চ ৫১-২৭৩
496,"1180,558,1360,679",স্ট মেত্রো চ ৫১-২৭৩,ট মেট্রো চ ৫১-২৭৩
497,"1174,558,1356,678",চট্ট মেট্রো চ ৫১-২৭৩,চট্ট মে্রো চ ৫১-২৭৩
498,"1169,555,1349,677",চট্ট মেট্রো-চ ৫১-২৭৩,চট্ট মেট্রো-চ ৫১-২৭৩
499,"1165,557,1346,679",5ট $ বট 3:>৭3,ছ; রগ5 ৩১১:>৭33
500,"1162,556,1340,676",মনদ্র-্চ ৫১-২৭৬,মটম্র্5 ৫১-২৭৬
501,"1159,555,1335,674",চট্ট মেত্রেো:্চ ৫১-২৭৩,চট্ট মেট্রেো:্চ ৫১-২৭৩
502,"1151,555,1330,674",সট মদ্র:্চ ৫১-২৭৬,চট মেত্র:্চ ৫১-২৭৬
503,"1145,549,1324,673",ঢট মেঢ্রো ঢ ৫১-১৭,ঢট মেদ্রো চ ৫১-১৭
504,"1142,554,1317,673",চট্ মেট্রা্চ ৫১-২৭৩,চ্টট নেট্রা্চ ৫১-১৭৩
505,"1137,555,1311,674",চটমে-্চ ^১->৭99,চম ্চ ?১->৭99
506,"1130,554,1307,673",চঢরে ্চ ৫১-২৭৬,চটমেটর্চ ৫১-২৭৬
507,"1123,551,1300,672",ম;মেদর-্5 ?১:>৭4,চ মেতে-্চ ?১:>৭4
508,"1117,553,1292,671",স্ট মেদ্র্চ ৫১-২৭৩,চ্ট্র মেত্র:্চ ৫১-২৭৩
509,"1111,553,1284,671",চট; কেট্রো্চ ৫১-২৭৩,চট্ট ফেট্রো-চ ৫১-২৭৩
510,"1102,552,1277,672",সষটর ্5 ১১:১৭93,ছহটর 5 ১১:১৭৩3
511,"1095,554,1270,672","55 .>3""","চ_5 ?১:>৭"""
512,"1089,553,1261,671",?8 :>,:3ম335 ?3:>34
513,"1081,554,1256,671",,
514,"1072,550,1247,669",43,১-488
515,"1068,549,1238,668","5প মটো৬ ?১->৭9""",503]0 ?১->৭99
516,"1061,550,1233,669",চট্5 ?3:>৭4=,চটেচ্চ !১:>৭9
517,"1052,548,1225,667",গ্ মেচ:্চ !১->39,গমতেঃ্চ &3->39
518,"1046,550,1218,667",=চ-্5 ?১:>৭,=মচচ ?১^>৭8
519,"1041,550,1211,668",১৮-5 2>:>98,মটম_-5 4$:>093
520,"1034,549,1206,667",সকে্চ 4১:>৭৬,মটকেচচ ?১ ১৭৬৬
521,"1026,548,1199,668",স-তর্5 ১১:১৭9,সতর ্$ ১১:১৭
522,"1021,549,1191,667",স} মেচ ্য ৪১:১৭৬,ম}ম্য ২১:১৭৬
523,"1013,549,1183,667",সমত্রা ্চ ৫১-২৭৩৩,স্টমত্র ্5 ৫১-২৭৩৩
524,"1003,549,1174,667",স্টর-ষ্ট্রো চ ৫১-২৭৩,স্টর-ষ্রো 5 ৫১-২৭৩
525,"995,548,1164,667",1$33088,"2_:>9"""
526,"985,550,1155,666",,
527,"975,553,1148,663",,
528,"966,552,1137,665",,
529,"955,553,1127,663",,
530,"944,551,1115,663",,
531,"930,549,1103,665","; 35 24"">89","দুন্5 ?১"">^8"
532,"921,549,1091,664",,
533,"909,551,1080,663",,
534,"897,553,1068,662",,
535,"883,551,1056,663",,
536,"872,550,1042,662",,
537,"858,550,1031,662",,
538,"846,553,1016,661",,
539,"832,553,1003,661",,
540,"819,553,989,662",,
541,"804,553,975,660",,
542,"790,550,962,661",,
543,"776,550,948,661",,
544,"762,554,934,661",,
545,"747,554,920,660",,
546,"729,553,904,660",,
547,"716,554,888,661",,
548,"699,555,873,659",,
549,"680,555,854,660",,
550,"663,555,836,660",,
551,"643,560,818,659",,
552,"622,554,800,659",,
557,"510,554,688,656",,
558,"484,554,664,658",,
559,"462,553,641,654",,
560,"436,554,619,658",,
561,"410,554,597,656",,
562,"385,556,572,660",,
563,"359,555,548,660",,
564,"336,554,524,658",,
567,"262,554,453,659",,
568,"240,552,432,659",,
569,"219,554,410,660",,
570,"193,547,390,659",33:3,3: 8
571,"180,552,374,660",,
572,"164,552,359,659",,
573,"152,549,351,659",,
574,"143,546,342,660",,
575,"134,546,331,658",১-১৭,৪১-১
576,"128,546,324,657",ঢ৬ মেদ্রো ৮ ৫১-২৭,ঢ৬ মেদ্রো ৮ ৫১-২৭
577,"122,547,317,659",চট্ট মেেট্রো চ ৫১-২৭,চট্ট মেেট্রো চ ৫১-২৭
578,"115,547,313,660",চট্ট মেেট্রো: চ ৫১-২৭,চট্ট মেট্রো:চ ৫১-২৭
579,"110,548,308,661",চট্ট সেেট্রো-চ ৫১-২৭,চট্ট নেেট্রো-চ ৫১-২৭৩
580,"106,549,304,661",যদ্য' ৪১-১৭,মযে ?১-১৭৩
581,"102,550,300,662",368-5 ?8>৭8,.-3 ?3:>৭8
582,"97,550,297,663",চা .52৫ _33388,ডা  চ :১;35308
583,"95,551,295,663",,
584,"93,552,293,663",,
585,"92,553,293,663",,
586,"91,554,293,663",,
587,"89,556,292,663",,
588,"89,554,292,661",,
589,"91,555,294,661",,
590,"92,554,296,661",,
591,"96,554,298,660",,
592,"102,552,303,661",,
593,"110,553,309,659",,
602,"343,556,534,650",,
605,"450,552,632,645",,
612,"681,543,854,636",,
613,"711,539,888,635",,
614,"743,542,920,635",,
616,"806,543,981,630",,
623,"1013,528,1190,625",,
624,"1041,532,1218,626",,
626,"1093,526,1276,623",,
627,"1122,527,1301,622",,
628,"1147,528,1326,622",,
629,"1169,525,1348,621",,
630,"1191,521,1373,620",,
631,"1212,522,1397,622",,
632,"1236,521,1418,622",,
633,"1253,518,1439,623",,
634,"1274,518,1456,624",,
635,"1294,514,1479,622",,
636,"1312,519,1500,624",,
637,"1332,516,1521,624",,
638,"1350,516,1542,625",,
639,"1372,518,1562,624",,
642,"1433,517,1627,626",,
644,"1478,520,1675,626",,
646,"1526,520,1729,628",,
676,"213,895,513,1058",,
677,"255,894,536,1054",,
678,"280,891,560,1050",,
679,"308,889,579,1052",,
680,"326,885,603,1045",,
681,"352,881,622,1040",,
682,"379,877,644,1041",,
683,"404,875,662,1028",,
684,"420,869,680,1025",,
685,"438,868,698,1020",,
686,"455,863,719,1012",,
687,"480,862,737,1011",,
688,"504,859,754,1006",,
689,"520,856,771,1003",,
690,"540,855,789,1001",,
691,"554,852,806,997",,
692,"572,851,827,996",,
693,"598,847,845,994",,
694,"622,845,866,986",,
695,"646,844,890,986",,
696,"666,841,913,980",,
701,"810,832,1033,966",( ঘ়]]1 সয ৭ `,! থ়দ]]
702,"810,831,1053,969",,
703,"818,834,1058,967",,
704,"840,834,1064,966",,
705,"851,839,1072,968",( 4৫!]] 2_83৬9,( 4৫!]] 2_৭3৬9
706,"840,833,1081,962",,
715,"1084,855,1317,977",,
720,"1169,907,1397,1029",,
721,"1175,906,1404,1035",,
722,"1185,904,1410,1031",,
723,"1190,902,1420,1025",,
724,"1207,906,1430,1025",১২ ৭ ২ ঊ ',১ ২ ৭ ২৬
725,"1221,903,1442,1025",,
726,"1226,905,1453,1025",,
727,"1229,901,1464,1024",,
728,"1239,900,1470,1022",,
729,"1248,902,1475,1023",,
730,"1263,904,1494,1022",,
731,"1272,900,1507,1023",,
732,"1284,901,1515,1022",,
735,"1326,900,1552,1019",,
736,"1331,898,1565,1021",,
737,"1350,900,1574,1023",,
738,"1371,904,1596,1027",,
739,"1380,902,1610,1024",,
740,"1405,911,1629,1027",,
758,"0,711,43,837",,
760,"0,713,80,840",,
761,"0,711,99,845",,
762,"0,712,115,845",,
763,"0,716,129,844","40)9"",","40)9*,"
764,"0,716,145,851",,
765,"0,715,161,848",'414 47,144414 47
766,"0,716,179,851",007.,"07,"
767,"0,715,198,849",,
768,"0,715,215,845",,
769,"14,715,230,844",,
770,"36,715,246,846",0,0
771,"49,714,265,846",3-3%8,ঢট :মরব -33১
772,"65,714,278,843",চট্র মেট্রো গ ১৪-২৩৫১,চট্ মেট্রো গ ১৪-২৩৫১
773,"76,714,291,845",,
774,"95,713,306,843",চঢ @েদ্ো 4 ১৪-২০৫১,চদ্ সেদ্রেো গ ১৪-২০৫১
775,"107,712,323,839",চ্টস -8->4,"চসগ _8-3,4"
776,"121,713,332,840",চ০দ্রা % ১৪-২০১|,চ০ যেদ্রো স ১৪-২৩১
777,"129,715,343,842",,
778,"144,714,354,844",চট্ট মে-ড্রা-গ ১৪-২০৫১,চট্ট মে-ড্রা-গ ১৪-২০৫১
779,"154,716,364,843",চট্ট মেট্রো-গ ১৪-২৩৫১,চট্ট মেট্রো-গ ১৪-২৩৫১
780,"159,717,375,842",,
781,"167,718,387,839",,
782,"184,714,397,845",১৪-২০৫১ মেদ্র},মেদ্রা ১৪-২০৫১
783,"197,714,405,843",04 04্] প ' /8-'0১,04 02] প ' /84 '0
784,"202,717,414,845",চট্ নেটরো ১৪-২০৫১,চট মেেদ্রেো- গ ১৪-২০৫১
785,"206,720,425,843",,
786,"222,721,436,848",,
787,"233,723,446,848",,"{বম >3"""
788,"242,725,454,851","চটসেক্ _8->"",4!","চট সেব _8->"",4!"
789,"255,724,461,847",চট্ট মেট্রো-গ ১৪-২৩৫১,চট্ট মেট্রো গ ১৪-২৩৫১
790,"265,724,473,847","'""[|1 ^ ^/886'0) 0৭","(""[1 /4 ^/886'0;. 01"
791,"270,725,483,849",চটর যেঢ্রো ১৪-২০৫১,চটরযেত্রো ১৪-২০৫১
792,"275,725,492,847",,
793,"286,717,501,849",<:3],1
794,"294,719,511,847",৮$33:,হ:0 [`:383383
795,"306,720,521,845",433 8:>3,4_ 3:>
796,"316,723,532,845",,
797,"325,720,545,844",,
798,"339,718,557,847",_,২<
799,"349,719,571,845",,
800,"367,721,585,847",,
801,"381,724,598,848",,
802,"397,727,613,850","""= >3:>?",= ১৪'১8
803,"412,731,629,853",,
804,"427,732,644,856",স্ট মেটরা ১৪-২৩৫১,স্ট মেদ ১৪-২৩৫১
805,"439,734,659,857",,
806,"450,737,675,856",,
807,"468,736,689,858",7769,4238|
808,"488,737,703,860","""1|1 9| ১333000> 09",78111 9| ১3330৩^> 9৬)
809,"505,736,721,856",চট্ট মেট্রোগ ১৪-২৩৫১,চট্ট মেট্রোগ ১৪-২৩৫১
810,"518,735,738,854",চরব- ১৪->৩৫১,চরসে-স ১৪->৩৫১
811,"530,733,754,852",,
812,"545,729,772,849",,
813,"566,727,787,848",চট় ক্}-গ ১৪-২৩৫১,চট েষ্-গ ১৪-২৩৫১
814,"586,723,806,846","32131 9""23",2;08 3923>8^
815,"604,723,824,843","""2828' _9-84>","4238"" %,-28)4"
816,"617,718,837,842",@ঢ গ ১৪-২৩৫১ ৮9,@ঢঁগ ১৪-৩৫১ ৮9
817,"634,718,851,841",01 দোড[ ১4৪৩৫,"01]@(4[1 "" ১৯৪১৩৫১"
818,"650,715,868,839",,
819,"659,716,881,840",চট .} &-<80,ডওপ _&-<8(
820,"674,716,891,841",91)001[! 6)/39,91] 461]1 91 ১433৩0
821,"682,716,911,844",,
822,"693,717,917,843",[334<06,|633430
823,"702,718,921,840",চট্ েন্ট্রোপ ১৪-২৩৫১,চট্ মেনট্রোপ ১৪-২৩৫১
824,"708,716,933,842",স্5 মেট ১৪:১7>,চ্ যক৮ ১৪:১১
825,"719,713,946,840",,
826,"722,717,961,838",,
827,"739,720,971,839",,
828,"761,716,986,840","333>""63",#$?6>
829,"779,715,1000,838",৩ট নেশ্রা ১৪-২৩৫১,মে%] ১৪-২৩৫১ ৮ট
830,"791,715,1015,836","১"">","১3""3"
831,"800,715,1029,836",,
832,"817,712,1042,834",ছ {809 ১8-২৩69,১ট মর5ী ১8-২০6১
833,"831,711,1056,832",52 [3838<2,হ_ 38:>32
834,"844,711,1069,830",,
835,"857,707,1083,827",4ম25 >8:>8,ম5 _8:34
836,"872,705,1096,826",চট স্চ ১৪:২৬৫১,চ ম ১৪:২৩৫১
837,"884,702,1112,825",,
838,"899,700,1129,823",,
839,"912,699,1143,820",,
840,"930,697,1159,822",44034>348>,১১ '৫য 034?8_
841,"947,698,1177,822",33383438|,03333442|
842,"957,699,1193,817",,
843,"972,700,1210,823",,
844,"999,699,1228,826",ম3 [4836,০ 1$88308
845,"1011,698,1248,829",১ছ;4, ১৯২
846,"1016,706,1262,825",,
847,"1036,710,1279,830",,
848,"1066,709,1298,835",শঙা]] 3)8380833 ১৬,ো ১৪৪১৩6১ ৮৬
849,"1087,708,1318,834",৫৫ট ১৯৯৩৫৮,৫ ১৯৯৩৫৮
850,"1095,711,1339,835",,
851,"1111,710,1359,830",,
852,"1135,709,1375,833",,
853,"1161,704,1395,832",,
854,"1183,702,1415,830",,
855,"1204,700,1434,827",019,9)09
856,"1225,700,1456,824",4817 ১843৩03 ৫,নং]7 ১8৪৩0$ ৫৬
857,"1237,698,1478,821",,
858,"1249,696,1496,818",,
859,"1266,694,1514,821",,
860,"1295,694,1528,819",,
861,"1319,694,1549,818",৩1| 09!(1]| 88৩03,01 0শ) ১8৪৮৩03
862,"1331,695,1568,819",":5,",
863,"1342,695,1587,817",,
864,"1357,696,1601,814",,
865,"1372,698,1616,817",,
866,"1388,697,1634,818",,
867,"1407,698,1649,820",,
868,"1429,696,1666,822",[২২3,[২২3
869,"1445,695,1685,823",,
870,"1453,698,1702,817",,
871,"1471,697,1718,816",,
872,"1493,698,1734,820",7,7
873,"1515,696,1753,820",43333244334,১ষষ :3 4338244334
874,"1531,693,1773,820",২<3;,২3;
875,"1550,689,1795,819",,
876,"1570,689,1814,816",,
877,"1589,691,1835,813",,
878,"1611,691,1857,813",,
879,"1630,692,1879,817",,
880,"1657,691,1898,820",,
881,"1683,692,1919,822",,
882,"1697,694,1918,826",,
883,"1710,695,1917,823",,
884,"1732,697,1919,820",,
885,"1760,697,1919,825",[338>,[3338>
886,"1783,699,1919,824",4}0,43
887,"1796,699,1920,822",,
889,"1826,693,1919,822",,
890,"1855,696,1920,832",,
891,"1886,688,1919,838",,
897,"0,807,27,925",,
898,"370,797,420,840",,
899,"0,812,62,925",8,8
904,"0,813,157,929",,
905,"0,810,172,924",,
908,"1,810,221,922",,
909,"14,811,236,921",,
910,"30,810,253,923",,
911,"48,810,265,923",,
912,"63,809,285,923",,
913,"79,810,301,919",,
914,"92,808,316,920",,
915,"108,810,332,920",,
916,"128,813,344,924",,
917,"144,814,358,926",চট্ট মেদ্রো ১১-৮৩৪৯,চট্ট মেদ্রো ১১-৮৩৪৯
918,"158,818,372,928",৮ট মেদ্রেো ১১-৮৩৪৯,৮ট মেট্রেো ১১-৮৩৪৯
919,"172,819,389,935",,
920,"180,820,408,932",,
922,"217,828,439,939",,
923,"232,829,454,941",,
924,"243,831,477,942",,
925,"262,830,493,943",,
926,"282,832,504,941",,
927,"301,834,520,943",১-:58;,মেভে ১-:58.
928,"318,831,538,943",চটট ম ১১-`8:,চট্ট ম ১১-ড `৪:
929,"332,826,557,944",,
930,"352,826,574,941",,
931,"372,825,590,939","` `)%>?,","7`)?:,"
932,"386,820,610,936",,
933,"406,816,629,936",,
934,"425,813,648,936",,
935,"447,811,663,932",,
936,"465,810,679,930",,
937,"479,808,698,930",,
938,"492,806,718,921",,
939,"508,802,735,915",,
940,"523,799,752,912",,
941,"540,796,769,913",,
942,"561,795,783,909",,
943,"583,795,798,906",,
944,"600,792,815,899",,
945,"612,791,832,898",,
946,"627,789,846,895",,
947,"651,787,858,891",,
948,"666,781,874,892","""য 363>",১'৮ ?
949,"674,779,891,886",,
950,"689,775,907,882",,
951,"707,772,919,881",,
952,"722,770,935,879",,
953,"738,770,951,877",,
954,"754,768,965,873",,
955,"768,765,983,874",,
956,"787,764,997,874",,
957,"804,763,1010,876",,
958,"820,763,1027,869",চষ্ট ম-্রর ১১- ৩৪১,চষটু মর ১১-.  ৪১
959,"832,757,1045,868",,
960,"844,759,1063,865",,
961,"862,759,1075,867",,
962,"882,758,1089,868",^,^ ১^ {
963,"902,755,1103,867",,
964,"911,758,1124,866",,
965,"925,756,1137,863",,
966,"944,755,1148,863",,
967,"962,753,1164,864",,
968,"976,754,1178,861","১৮;^,",.৮ 9:3
969,"997,755,1191,857",৬11 স0ে| ১১-৮৩৪৯,1;11 মমৈ | ১১-৮৩8৯
970,"1009,754,1203,854",চট্ট মেট্রো ১১-৮৩৪৯,চট্ট মেট্রো ১১-৮৩৪৯
971,"1021,751,1219,855",চ7) 45]1 ১৯-৮৪৯,৬৬ 'ডো ১১-৮ ৪১
972,"1030,747,1233,857",,
973,"1044,746,1243,851",,
974,"1053,743,1257,847",,
975,"1060,741,1268,846",,
976,"1072,740,1276,842",,
977,"1080,740,1287,839",,
978,"1087,738,1297,838",,
979,"1101,734,1305,835",,
980,"1117,732,1321,834",,
981,"1130,731,1336,834",,
982,"1147,728,1354,834",,
983,"1167,731,1377,831",,
984,"1189,733,1399,832",,
985,"1218,730,1425,831",,
986,"1248,731,1457,833",,
987,"1281,731,1494,831",,
988,"1314,730,1539,832",,
989,"1347,730,1579,835",,
991,"1428,731,1659,839",,
992,"1474,731,1698,837",,
993,"1512,732,1744,839",,
995,"1593,732,1836,838",,
996,"1646,731,1887,839",,
1000,"1848,715,1919,840",,
